{
  "/Users/j8154/git/jest-puppeteer-performance/test/test1.js": {
    "Performance Test Should be performant": [
      {
        "Timestamp": 139462.334801,
        "Documents": 3,
        "Frames": 1,
        "JSEventListeners": 5,
        "Nodes": 75,
        "LayoutCount": 1,
        "RecalcStyleCount": 4,
        "LayoutDuration": 0.0322279999963939,
        "RecalcStyleDuration": 0.000695999973686412,
        "ScriptDuration": 0.0506229999882635,
        "TaskDuration": 0.120434999931604,
        "JSHeapUsedSize": 5272848,
        "JSHeapTotalSize": 9842688
      }
    ]
  }
}